timestamp,pos_err,orient_err
1403715888.434058,5.830274253086002,3.113516523887105
1403715888.534058,5.827682374993999,3.1137012487623332
1403715888.634058,5.826918884306,3.1139191092792093
1403715888.734058,5.826682100861999,3.1139697071807393
1403715888.834058,5.82686316095,3.113951357166833
1403715888.934058,5.827193114171002,3.1140572042969157
1403715889.034058,5.827193568755999,3.1139559223520554
1403715889.134058,5.827535807377998,3.114018220965107
1403715889.234058,5.827650547529,3.1138701291497672
1403715889.334058,5.827695399411,3.1138936011860676
1403715889.434058,5.827577897394001,3.1138840000582735
1403715889.534058,5.827720580883,3.11410718989097
1403715889.634058,5.827923738038,3.113888575553996
1403715889.734058,5.828239118858002,3.1141591692657573
1403715889.834058,5.827721245168999,3.1139902513581244
1403715889.934058,5.827546521419002,3.114310329712589
1403715890.034058,5.826916537904999,3.1146548453907625
1403715890.134058,5.825290007464,3.115248918755299
1403715890.234058,5.825774042597,3.114702887364333
1403715890.334058,5.8256888560040005,3.1146157731833504
1403715890.434058,5.82282373685,3.1150781021275495
1403715890.534058,5.821115305888999,3.1151403395940713
1403715890.634058,5.819351955300999,3.113619970977501
1403715890.734058,5.817495836908001,3.113253376071108
1403715890.834058,5.816961796156999,3.113110050691138
1403715890.934058,5.815985790446,3.1135174990083265
1403715891.034058,5.812705368068,3.11360922872762
1403715891.134058,5.812906332448999,3.1137642062454054
1403715891.234058,5.813575398405999,3.1134472756190212
1403715891.334058,5.812772268036001,3.113570221953506
1403715891.434058,5.814494826674999,3.1133996557163957
1403715891.534058,5.814152943777,3.113502574678798
1403715891.634058,5.816392340445001,3.113452586848986
1403715891.734058,5.809177365197001,3.1137417558108953
1403715891.834058,5.813661608138999,3.1140816584635735
1403715891.934058,5.814113944133999,3.1141301839817044
1403715892.034058,5.816624017734,3.113915909640901
1403715892.134058,5.816844985921999,3.113862401489157
1403715892.234058,5.817659759073001,3.1133102113302162
1403715892.334058,5.819838729811001,3.1143970809587627
1403715892.434058,5.81748586329,3.114237978325892
1403715892.534058,5.816996859464,3.1141267399999264
1403715892.634058,5.818079709179,3.114681338184041
1403715892.734058,5.822458877912,3.1152550758020987
1403715892.834058,5.828498062493001,3.116463935792474
1403715892.934058,5.821668538045001,3.1171588494631615
1403715893.034058,5.818350000482999,3.1169405952125384
1403715893.134058,5.815161428922001,3.11950260581422
1403715893.234058,5.816414380814001,3.1208346391952464
1403715893.334058,5.818377057129001,3.1225042396305103
1403715893.434058,5.800886255237001,3.124659892747692
1403715893.534058,5.804588353401001,3.1358954779419324
1403715893.634058,5.811240086869999,3.127797043477346
1403715893.734058,5.81362864753,3.1086244431913372
1403715893.834058,5.8269252443660005,3.115431182598053
1403715893.934058,5.826194494241001,3.113681864518792
1403715894.034058,5.831251068798001,3.1109938686520633
1403715894.134058,5.839610832628,3.124982053522094
1403715894.234058,5.847279060518002,3.110221305802266
1403715894.334058,5.85754089579,3.0579556733009174
1403715894.434058,5.875150515146,3.033268564936275
1403715894.534058,5.894594854692998,3.0477740558276434
1403715894.634058,5.902925562962,3.0639499675898136
1403715894.734058,5.884384034166,3.096942078766228
1403715894.834058,5.859375187141,3.128875155276612
1403715894.934058,5.8435319447379985,3.141557539637544
1403715895.034058,5.841505954026,3.132304208610557
1403715895.134058,5.842288563972001,3.1261714230546915
1403715895.234058,5.833346944025998,3.1124952435651623
1403715895.334058,5.829126651729,3.1097342540189987
1403715895.434058,5.817205870345998,3.1114935445273533
1403715895.534058,5.820757007078001,3.109652843002906
1403715895.634058,5.821953183681,3.1084285556609696
1403715895.734058,5.816343155721,3.105470197258859
1403715895.834058,5.814459299138,3.104038322655493
1403715895.934058,5.8097284759129995,3.102725893647073
1403715896.034058,5.806738672105999,3.0884752208818953
1403715896.134058,5.806559023658,3.058687504229483
1403715896.234058,5.804890437841999,3.0071028464769407
1403715896.334058,5.810377065526,2.9323997870290275
1403715896.434058,5.807474645109998,2.8710908774498094
1403715896.534058,5.803058702003999,2.8282811170592814
1403715896.634058,5.801223800133,2.8007231846609355
1403715896.734058,5.799474681179001,2.784815405732795
1403715896.834058,5.790856026921,2.761538037997543
1403715896.934058,5.784394395482002,2.7219117530979293
1403715897.034058,5.7781769023089975,2.6599169228376085
1403715897.134058,5.77098847575,2.628914577353354
1403715897.234058,5.753793326965,2.6584400790025926
1403715897.334058,5.7308485471849995,2.776008071711326
1403715897.434058,5.709525147688998,2.9093071748361927
1403715897.534058,5.687266474934,2.9838355696123884
1403715897.634058,5.665871044856999,2.9759239459420623
1403715897.734058,5.642637570211001,2.930374645128525
1403715897.834058,5.610079423838,2.896083684451564
1403715897.934058,5.578829024414,2.9051490935309605
1403715898.034058,5.544120338909,2.940461667897494
1403715898.134058,5.509334752508999,2.98689259934772
1403715898.234058,5.480719586402,3.0183804507132956
1403715898.334058,5.450633710054,3.0371887999506253
1403715898.434058,5.417855000781,3.0385150163248418
1403715898.534058,5.381124923601,3.0245484652292616
1403715898.634058,5.344819753683,3.0117616429609373
1403715898.734058,5.312463216773001,2.999723448089163
1403715898.834058,5.277048952545001,2.9899088573765162
1403715898.934058,5.24394500403,2.9792178358971357
1403715899.034058,5.201708436909,2.974948955097279
1403715899.134058,5.173207196393999,2.9649989035499784
1403715899.234058,5.133032736681001,2.9772639250125446
1403715899.334058,5.093408874893,2.994728165170713
1403715899.434058,5.050024120129001,3.0251855374537437
1403715899.534058,5.009649938464001,3.0310847322772854
1403715899.634058,4.964195115166,3.021525491102607
1403715899.734058,4.933254623475,3.0333878220191073
1403715899.834058,4.919572491565,3.0738212012291486
1403715899.934058,4.905302750081,3.135293386636275
1403715900.034058,4.890428326433,3.0910977950622955
1403715900.134058,4.877770676329,3.0600217169389694
1403715900.234058,4.866041520385001,3.0358883681883357
1403715900.334058,4.852361018001,3.025236988213584
1403715900.434058,4.837048604833,3.0309430226426084
1403715900.534058,4.824930470926,3.116444065988367
1403715900.634058,4.814020469484,3.096540327827345
1403715900.734058,4.807487814329,3.0267368964923973
1403715900.834058,4.804294117965,3.031716144863787
1403715900.934058,4.802482157333,3.061128098005787
1403715901.034058,4.80585918729,3.08081381012815
1403715901.134058,4.7958848115,3.0945642146958647
1403715901.234058,4.796229937552999,3.097296802081762
1403715901.334058,4.794398734780999,3.0816829487362254
1403715901.434058,4.804537295993001,3.0457623706923957
1403715901.534058,4.806644739366001,3.024120354679922
1403715901.634058,4.81072620564,3.032597736691916
1403715901.734058,4.8036764058350006,3.029427625394904
1403715901.834058,4.806692469525,3.0229496314536286
1403715901.934058,4.802983367914,3.0202489593345048
1403715902.034058,4.808914036638001,3.0159981143645322
1403715902.134058,4.817125453733,3.033816189257057
1403715902.234058,4.827050675826,3.067184818841807
1403715902.334058,4.838052358869,3.088495659111713
1403715902.434058,4.853401474361001,3.0944818383863324
1403715902.534058,4.867683881561,3.048998780331671
1403715902.634058,4.880208084029,3.0065509273960047
1403715902.734058,4.893475763369999,2.980138095913541
1403715902.834058,4.909459636154,2.9739672643291897
1403715902.934058,4.913819302526,2.9872481958487
1403715903.034058,4.916019525894,3.0273430046776673
1403715903.134058,4.913497254141001,3.08157732767025
1403715903.234058,4.980922973865001,3.1218032983381976
1403715903.334058,5.003458694252,3.119245137668257
1403715903.434058,5.026881331628999,3.106393935306731
1403715903.534058,5.04772817913,3.106262940478205
1403715903.634058,5.072455678331,3.119449925262985
1403715903.734058,5.090556163193999,3.1405871780869408
1403715903.834058,5.1075518867300005,3.1348324885177417
1403715903.934058,5.122818101632999,3.1378148423268994
1403715904.034058,5.141963936221999,3.1282599817490815
1403715904.134058,5.1573828852979995,3.114168037686909
1403715904.234058,5.173630757766001,3.067733820751049
1403715904.334058,5.192160191091,2.9935361287590094
1403715904.434058,5.2407929916419995,2.9419150022018465
1403715904.534058,5.259436151753,2.887598215872433
1403715904.634058,5.281041964681,2.832965335265128
1403715904.734058,5.29966721434,2.8217740378846714
1403715904.834058,5.313789588499,2.8505361888364735
1403715904.934058,5.342865770982,2.8725188668384845
1403715905.034058,5.318016981074001,2.8826111391184686
1403715905.134058,5.307814372811,2.8880403843447433
1403715905.234058,5.316916444002,2.876435437200701
1403715905.334058,5.352485462710001,2.8292940545255063
1403715905.434058,5.342167669968,2.7853257160873124
1403715905.534058,5.4129405978600005,2.753804300193872
1403715905.634058,5.417787243825999,2.7606416355133603
1403715905.734058,5.4283475954739995,2.786742087199764
1403715905.834058,5.448657411205,2.7998426580686693
1403715905.934058,5.470219559458,2.7807355263515934
1403715906.034058,5.488038106374001,2.749773128504621
1403715906.134058,5.505686311256,2.740850584022103
1403715906.234058,5.527448729086,2.75243873809659
1403715906.334058,5.546227325297,2.769038380790819
1403715906.434058,5.570214063259,2.790677569969239
1403715906.534058,5.559015323969,2.827642683553674
1403715906.634058,5.563198176504999,2.86782006378745
1403715906.734058,5.575528922409,2.909006604457609
1403715906.834058,5.591908542713,2.9439235906930996
1403715906.934058,5.605443250225001,2.9794558419419506
1403715907.034058,5.616376877902001,3.0129652128599935
1403715907.134058,5.613800740452,3.0421852553042372
1403715907.234058,5.618773719950001,3.075546562058543
1403715907.334058,5.622686164169999,3.111666450502501
1403715907.434058,5.62344010382,3.1359705735927172
1403715907.534058,5.626002204643,3.1046547667269784
1403715907.634058,5.631234619386,3.076598769512024
1403715907.734058,5.641223313096,3.054185538419745
1403715907.834058,5.643049315601999,3.0358502817077135
1403715907.934058,5.637047285148999,3.016803905596639
1403715908.034058,5.622537891234,2.996155401429145
1403715908.134058,5.597245437630001,2.9776293789954256
1403715908.234058,5.583189197661,2.956799539533221
1403715908.334058,5.562434159336,2.935100743355013
1403715908.434058,5.541286177058001,2.9146044352187337
1403715908.534058,5.510442719398,2.9000404749295825
1403715908.634058,5.471808183425001,2.89457538456991
1403715908.734058,5.430402157246,2.901325348125961
1403715908.834058,5.389456593588999,2.9038383326413753
1403715908.934058,5.357345443790001,2.890917966083252
1403715909.034058,5.3366220754219995,2.8866187868573743
1403715909.134058,5.313643757357,2.890913075369553
1403715909.234058,5.299431018970999,2.891016904257986
1403715909.334058,5.293099703251,2.892954944061893
1403715909.434058,5.283803755620999,2.90857173610301
1403715909.534058,5.272809518931,2.9516724624756865
1403715909.634058,5.267165307301001,2.9891665886552627
1403715909.734058,5.262728585706,3.006393801798392
1403715909.834058,5.255209121498999,3.0174734733780335
1403715909.934058,5.231995229523002,3.0177956308463214
1403715910.034058,5.222254268696,3.03176870311159
1403715910.134058,5.215271291524999,3.0603302338808427
1403715910.234058,5.207405725480999,3.0934223415180213
1403715910.334058,5.2135111453739995,3.1237795174633263
1403715910.434058,5.219761604378,3.1247837849902034
1403715910.534058,5.228811246338,3.0897969859657253
1403715910.634058,5.249570247198,3.0661402458691978
1403715910.734058,5.274221617985001,3.053332324459985
1403715910.834058,5.291563876938,3.037898251989526
1403715910.934058,5.322269282739,3.026978101947382
1403715911.034058,5.3491391125489995,3.023052911072856
1403715911.134058,5.379872567584999,3.023431796668196
1403715911.234058,5.4053501778060005,3.0187096263638287
1403715911.334058,5.430912666214001,3.005126020032088
1403715911.434058,5.454688227370999,2.993095335629544
1403715911.534058,5.479998487860999,2.9800976061178925
1403715911.634058,5.504145920053,2.94282839322101
1403715911.734058,5.527087348337,2.8847796597765853
1403715911.834058,5.545220796995,2.8403363243586894
1403715911.934058,5.5570213442259995,2.817946579239303
1403715912.034058,5.575220151465,2.8150975534118836
1403715912.134058,5.592219208534001,2.827694796817047
1403715912.234058,5.6087568405149995,2.837498470598103
1403715912.334058,5.6276698697139995,2.843256570571634
1403715912.434058,5.65150945371,2.8396309196789584
1403715912.534058,5.666524719501001,2.8363266951117962
1403715912.634058,5.694929306843002,2.8320022703045122
1403715912.734058,5.722788512410999,2.827539158874065
1403715912.834058,5.750417620939,2.8228621925335293
1403715912.934058,5.784172233845001,2.8177548088905997
1403715913.034058,5.817723250209,2.8191483462951883
1403715913.134058,5.834835322667,2.819257911303393
1403715913.234058,5.852733864698,2.8338008877311074
1403715913.334058,5.856206422764,2.84192107615596
1403715913.434058,5.854020986355,2.8416037603074855
1403715913.534058,5.8632356897680005,2.8454008276264235
1403715913.634058,5.877248138113999,2.833632228731273
1403715913.734058,5.875252838037,2.82518728824976
1403715913.834058,5.884411198941999,2.812871638482872
1403715913.934058,5.88878545929,2.7987294098890865
1403715914.034058,5.884497222549,2.790709988022302
1403715914.134058,5.874662153050999,2.7809775887774744
1403715914.234058,5.859534282281,2.7822325991114982
1403715914.334058,5.855529611141999,2.7695499622476243
1403715914.434058,5.846990285267,2.741182795779019
1403715914.534058,5.834468106845999,2.712701180152518
1403715914.634058,5.823871446281,2.700046385339836
1403715914.734058,5.806033630190001,2.705663047774892
1403715914.834058,5.793697173686,2.733139365499432
1403715914.934058,5.783935122464999,2.758117231151135
1403715915.034058,5.783539000165001,2.777894115463848
1403715915.134058,5.792178307173,2.7920714871755457
1403715915.234058,5.827566183314,2.8048178241249455
1403715915.334058,5.85155789913,2.7970817056460664
1403715915.434058,5.866721404115,2.7759204486648223
1403715915.534058,5.882895392948,2.7686771777671297
1403715915.634058,5.900855171573,2.7572770926730006
1403715915.734058,5.924382274421,2.7422928001020352
1403715915.834058,5.923813001139,2.73224308592809
1403715915.934058,5.945341359346,2.72078352888978
1403715916.034058,5.9615689605319995,2.7331808729297387
1403715916.134058,5.978628399501,2.745936632786165
1403715916.234058,5.997083966481002,2.7624034302597242
1403715916.334058,6.015274521993,2.7713726992958807
1403715916.434058,6.029821635250999,2.787629134240013
1403715916.534058,6.045454932645,2.8001219616875024
1403715916.634058,6.059500423093,2.813772940882446
1403715916.734058,6.077892534379,2.8449164664238635
1403715916.834058,6.097130237126001,2.881413157054078
1403715916.934058,6.113752812357,2.936728679694291
1403715917.034058,6.120793411307,2.980269785111266
1403715917.134058,6.124085749850002,3.002048200084611
1403715917.234058,6.128816712090002,2.96932823115046
1403715917.334058,6.1270597218730005,2.9396370996791306
1403715917.434058,6.122726173605999,2.9275056240653448
1403715917.534058,6.112421246513,2.925944785203833
1403715917.634058,6.111343066481,2.9455599918522775
1403715917.734058,6.114969957186001,2.9911834726785442
1403715917.834058,6.125732309366,3.022260891740137
1403715917.934058,6.127448537623999,3.029031706438354
1403715918.034058,6.133438468766,3.0027749583182826
1403715918.134058,6.134908252324999,2.9462108990492486
1403715918.234058,6.1324730467610005,2.928022530422585
1403715918.334058,6.129631879601001,2.9633505266465514
1403715918.434058,6.125520380305002,3.0029688158081855
1403715918.534058,6.123191050499999,3.0269097037919246
1403715918.634058,6.1225547528019995,3.0375527117215544
1403715918.734058,6.119375461340999,2.999930723039791
1403715918.834058,6.0982396606250004,2.920006009142823
1403715918.934058,6.08989400173,2.8368647697450498
1403715919.034058,6.084691478955,2.7837547012772665
1403715919.134058,6.08390201091,2.7254781319258172
1403715919.234058,6.088452261465,2.657688338902036
1403715919.334058,6.101849155028002,2.609451356974848
1403715919.434058,6.090446395309001,2.6483656433473564
1403715919.534058,6.074474939576,2.716999908036291
1403715919.634058,6.046208968985,2.765622333377953
1403715919.734058,6.038144365042999,2.7749607902745934
1403715919.834058,6.030990279036998,2.7594791197912762
1403715919.934058,6.0305830758329995,2.747192933899379
1403715920.034058,6.033083857012999,2.7406523157659968
1403715920.134058,6.043461366901001,2.7431802700509746
1403715920.234058,6.04624693109,2.7594062019647176
1403715920.334058,6.051967652379,2.801511636579614
1403715920.434058,6.059371787956001,2.843100414033499
1403715920.534058,6.067929765760001,2.884239986406377
1403715920.634058,6.078616111638,2.9228824644272025
1403715920.734058,6.092122786186001,2.950253691230739
1403715920.834058,6.105113264968999,2.959365304264123
1403715920.934058,6.126265480518,2.9558692200056487
1403715921.034058,6.147728275247999,2.93841932732517
1403715921.134058,6.169671221001002,2.907646178188456
1403715921.234058,6.1881976127769995,2.8836900523501336
1403715921.334058,6.2028232121819995,2.847857724398782
1403715921.434058,6.219139340290002,2.806367225044547
1403715921.534058,6.232129220281,2.7869664751580867
1403715921.634058,6.242474891595,2.7801458449676892
1403715921.734058,6.2584145648859995,2.7852241507745914
1403715921.834058,6.268747704161,2.8149772522467598
1403715921.934058,6.275574463433999,2.837415229877618
1403715922.034058,6.271813075785,2.843367415033214
1403715922.134058,6.282366669457999,2.853812072598549
1403715922.234058,6.289572714461001,2.8746618186610586
1403715922.334058,6.3052607508810015,2.8847012837543295
1403715922.434058,6.306419452498001,2.8653098036738225
1403715922.534058,6.321630828697999,2.866701057841327
1403715922.634058,6.323126136053,2.888621568899682
1403715922.734058,6.326259377269,2.891243822651396
1403715922.834058,6.324018425201,2.868961142968485
1403715922.934058,6.316822270088,2.847127533828164
1403715923.034058,6.319270708757001,2.8338109394678264
1403715923.134058,6.320865422933998,2.8211163507075123
1403715923.234058,6.3224828353259985,2.801826115685417
1403715923.334058,6.325918776897002,2.8046472414191577
1403715923.434058,6.3156625430740005,2.840143558900491
1403715923.534058,6.324256181720998,2.883876673445666
1403715923.634058,6.325292518260999,2.925726868590682
1403715923.734058,6.334213597694,2.9544045768777494
1403715923.834058,6.333995664836999,2.972517080100135
1403715923.934058,6.324480476954999,2.990198876486767
1403715924.034058,6.318285727542001,2.988129498015949
1403715924.134058,6.306956123425001,2.9652173875250774
1403715924.234058,6.295897060452997,2.9352570621408707
1403715924.334058,6.275336876349,2.910087725095939
1403715924.434058,6.255043404288,2.8861937816070475
1403715924.534058,6.233312231325001,2.8587323734849353
1403715924.634058,6.214700350781,2.859234561958554
1403715924.734058,6.187409253057,2.8932169135975907
1403715924.834058,6.161795193377001,2.927954330960413
1403715924.934058,6.136651070221,2.9592523045697647
1403715925.034058,6.105386913814001,2.981500012268285
1403715925.134058,6.0754411298479996,2.994473406227075
1403715925.234058,6.045136357458998,3.011431666965926
1403715925.334058,6.014421231876,3.037614793191978
1403715925.434058,5.989169698082,3.068808631362921
1403715925.534058,5.967369566689001,3.0928989752420866
1403715925.634058,5.9450371115500005,3.111691660327961
1403715925.734058,5.891704559726,3.1332804262822167
1403715925.834058,5.852733577241,3.1267985369375038
1403715925.934058,5.789472561705,3.114375214366235
1403715926.034058,5.743738774458,3.0982088538379426
1403715926.134058,5.678881118122,3.0521468391787114
1403715926.234058,5.62625738805,3.007831425128944
1403715926.334058,5.576605833787001,2.979979945622634
1403715926.434058,5.537875974251,2.981493421267748
1403715926.534058,5.498912698523,2.995447786932929
1403715926.634058,5.455879575509,3.0032452984631064
1403715926.734058,5.422399400999999,2.9976403886704115
1403715926.834058,5.396360400171,3.019268974635627
1403715926.934058,5.371432221206,3.0289012035156486
1403715927.034058,5.344209191074,3.0258533027492
1403715927.134058,5.31652309703,3.0320639955239246
1403715927.234058,5.288220036068,3.096413363351754
1403715927.334058,5.264729066538,3.120155606535274
1403715927.434058,5.247406014498999,3.084251701506429
1403715927.534058,5.2273714176190005,3.1254523835120236
1403715927.634058,5.223239549980999,3.0972397605010467
1403715927.734058,5.227650971361001,3.0561782082729354
1403715927.834058,5.23859523455,3.053238599782117
1403715927.934058,5.2578897526079995,3.0563414264193796
1403715928.034058,5.277998325077999,3.0448206587222915
1403715928.134058,5.307710881717,2.991316094932617
1403715928.234058,5.338434513766001,2.938094348722268
1403715928.334058,5.360339857731001,2.923290195774495
1403715928.434058,5.38236914322,2.9240386401845564
1403715928.534058,5.394229769629,2.8926481491465696
1403715928.634058,5.427629644826,2.8554289351963695
1403715928.734058,5.456032803602001,2.824983721146467
1403715928.834058,5.480381761851001,2.7653900716308324
1403715928.934058,5.507537955501,2.7051358987782503
1403715929.034058,5.535786391893,2.652086674696945
1403715929.134058,5.563744821205999,2.6152491635488873
1403715929.234058,5.604374808785999,2.604486836856211
1403715929.334058,5.620643932349999,2.680136810857879
1403715929.434058,5.638493916070001,2.8344619835504403
1403715929.534058,5.652291755009001,2.995900853350758
1403715929.634058,5.660497241699,3.1117686036378176
1403715929.734058,5.662579658288999,3.0765677135276683
1403715929.834058,5.648982972533998,2.983619230850164
1403715929.934058,5.632016916677999,2.891075707775426
1403715930.034058,5.61598496739,2.8191189890745347
1403715930.134058,5.594433556004001,2.7558229465078776
1403715930.234058,5.576546798468,2.7048454693164947
1403715930.334058,5.562044041578999,2.6817396277065435
1403715930.434058,5.555652330078001,2.6769607849700034
1403715930.534058,5.553272649092,2.6730158486197855
1403715930.634058,5.552279316278,2.6569423748660053
1403715930.734058,5.549352351781,2.6357111976898087
1403715930.834058,5.543563233138999,2.6365405015827568
1403715930.934058,5.539423829284999,2.676550023375202
1403715931.034058,5.5357663135370005,2.694200792278012
1403715931.134058,5.530640724194,2.683321182883475
1403715931.234058,5.522100365611,2.676601615270369
1403715931.334058,5.514962607888,2.6743155562151624
1403715931.434058,5.504036210201,2.6836413268235524
1403715931.534058,5.489457974577002,2.693948558565949
1403715931.634058,5.4679944056659995,2.714412321284638
1403715931.734058,5.445973053016998,2.7390970500471226
1403715931.834058,5.427118180851,2.7557358176144233
1403715931.934058,5.401845337914001,2.7888144181330525
1403715932.034058,5.3687963922929995,2.8249459350804966
1403715932.134058,5.334233811368001,2.88314633051683
1403715932.234058,5.297351543085,2.9627376182969316
1403715932.334058,5.260374632681999,3.0367858675195385
1403715932.434058,5.228387697193999,3.092406638697024
1403715932.534058,5.202634865269999,3.1292630191200455
1403715932.634058,5.2023774445579996,3.1148798895400023
1403715932.734058,5.216374333993999,3.082952120079992
1403715932.834058,5.226332801432,3.0774671922008974
1403715932.934058,5.239299830648999,3.136491384835293
1403715933.034058,5.256651156208999,3.017037736155871
1403715933.134058,5.283652576507,2.9071462090854148
1403715933.234058,5.314260357346001,2.8017934386795327
1403715933.334058,5.344587835567999,2.697912065821605
1403715933.434058,5.371415909306002,2.5781931777553235
1403715933.534058,5.397420332153999,2.4698592509847446
1403715933.634058,5.434754016493,2.4060304732523297
1403715933.734058,5.447675963522002,2.396002164432737
1403715933.834058,5.414088292189001,2.412964780162937
1403715933.934058,5.372190241188999,2.4719934263317556
1403715934.034058,5.351164082338999,2.6026791843800723
1403715934.134058,5.334934249043001,2.7661918891137858
1403715934.234058,5.321393163144,2.9266467145216244
1403715934.334058,5.295786801986001,3.045396674281898
1403715934.434058,5.267009020649,3.1366822774498253
1403715934.534058,5.234129537014001,3.0756697046252106
1403715934.634058,5.191365135542,3.0226353408257616
1403715934.734058,5.198603986714,3.002827609857725
1403715934.834058,5.213872787065998,3.0280744555547283
1403715934.934058,5.225224324854,3.1355021032816683
1403715935.034058,5.238877408949,3.0030240935188615
1403715935.134058,5.246378972917001,2.8637039304044833
1403715935.234058,5.2501586288420015,2.7499265673047395
1403715935.334058,5.241236044550001,2.669816681667393
1403715935.434058,5.234895710037,2.615697411600589
1403715935.534058,5.244309282865001,2.5818167388264164
1403715935.634058,5.2613633469500005,2.5575896108757656
1403715935.734058,5.280277331974,2.531355551536718
1403715935.834058,5.325025648466999,2.506942881070773
1403715935.934058,5.319212222341001,2.4963242376014354
1403715936.034058,5.336369213317999,2.5449043478315185
1403715936.134058,5.343903716249999,2.653250553633649
1403715936.234058,5.349040225586999,2.779459306778531
1403715936.334058,5.3528496997129995,2.8925182258994253
1403715936.434058,5.353784305101,2.957207863574887
1403715936.534058,5.341179762269,2.9863197354989883
1403715936.634058,5.331015110369,2.996151238076186
1403715936.734058,5.3077788891380004,2.993015869497083
1403715936.834058,5.301337970815999,2.9656540567631122
1403715936.934058,5.309120647689,2.935965170606192
1403715937.034058,5.311423995481,2.907591640396505
1403715937.134058,5.317178032779002,2.8659100395288046
1403715937.234058,5.324239615062001,2.8350525317377455
1403715937.334058,5.330410622346001,2.8178689255706133
1403715937.434058,5.343593181707,2.814792139215675
1403715937.534058,5.355541018868001,2.7845504075151712
1403715937.634058,5.365303207298999,2.7350496537221405
1403715937.734058,5.376111645710001,2.698293919268761
1403715937.834058,5.379982325154,2.6791927454164806
1403715937.934058,5.376233092401,2.6697507318686604
1403715938.034058,5.369354845925001,2.6680553025149494
1403715938.134058,5.362487338955,2.6681768462024498
1403715938.234058,5.348133366290001,2.6783502046258683
1403715938.334058,5.332236172371,2.7552828675834133
1403715938.434058,5.313755987672,2.8376932933980936
1403715938.534058,5.295519999513999,2.885421831565716
1403715938.634058,5.279532150986001,2.9026560758298503
1403715938.734058,5.263874312766001,2.8891928430542215
1403715938.834058,5.249047912910001,2.856280765824599
1403715938.934058,5.236115217185999,2.8197667436811193
1403715939.034058,5.223156776744,2.788482330490065
1403715939.134058,5.208675384996,2.7846714622494235
1403715939.234058,5.18683769269,2.8319300123933955
1403715939.334058,5.160398546791999,2.898484923925827
1403715939.434058,5.133635710536,2.9617536412056604
1403715939.534058,5.109178831313001,3.01960491444771
1403715939.634058,5.087033509187001,3.07770877686961
1403715939.734058,5.067187140069,3.136163642512929
1403715939.834058,5.050414708152999,3.1107339654483037
1403715939.934058,5.041401230161999,3.093492552902767
1403715940.034058,5.031981241381999,3.1224864781669064
1403715940.134058,5.04148800194,3.0808725558052
1403715940.234058,5.0552924604400005,2.9966921006851623
1403715940.334058,5.072626660577001,2.9082578641466053
1403715940.434058,5.086506607525999,2.8247875011615
1403715940.534058,5.102686785154,2.7382078197683204
1403715940.634058,5.123818214789,2.6396815669514053
1403715940.734058,5.149142098561,2.564300759279516
1403715940.834058,5.166711020990001,2.5617037988499356
1403715940.934058,5.152754354453001,2.6058302672103797
1403715941.034058,5.132496099041,2.6971274383478634
1403715941.134058,5.114204040244001,2.825452956966801
1403715941.234058,5.102175123032,2.954460013915374
1403715941.334058,5.094163697145001,3.0242655093217388
1403715941.434058,5.093044259078,3.0660597653515054
1403715941.534058,5.0910466448110006,3.078926103436056
1403715941.634058,5.095414855426999,3.088791406154928
1403715941.734058,5.106814689029001,3.098198566906258
1403715941.834058,5.131533845797001,3.118795496241543
1403715941.934058,5.102660591864001,3.134439969856009
1403715942.034058,5.115777049928001,3.105442680045633
1403715942.134058,5.12804843243,3.0309875838404357
1403715942.234058,5.1508691064650005,2.939563061620309
1403715942.334058,5.199337466249001,2.839108714418942
1403715942.434058,5.207759197833999,2.7579623883022553
1403715942.534058,5.230439565371001,2.6848613819369747
1403715942.634058,5.247860897651,2.6467097975626666
1403715942.734058,5.241823925367999,2.635840953866021
1403715942.834058,5.235434995346999,2.6404278872178
1403715942.934058,5.231622856937999,2.6553030930700054
1403715943.034058,5.228405027706,2.689743152525191
1403715943.134058,5.247511583417,2.7519484747324525
1403715943.234058,5.251836804273,2.806814918006948
1403715943.334058,5.242872600336001,2.8788495664296208
1403715943.434058,5.230824575491999,2.9684227146201354
1403715943.534058,5.217052469243001,3.028416596680165
1403715943.634058,5.209367817483002,3.0633228523934415
1403715943.734058,5.202858291795,3.0769628733898964
1403715943.834058,5.189785396936,3.100023055870609
1403715943.934058,5.186442486481,3.1168036129063497
1403715944.034058,5.166746577482,3.0738993582685246
1403715944.134058,5.177569473040999,2.960917865257547
1403715944.234058,5.191312483698001,2.8396117807434673
1403715944.334058,5.202672482153,2.7602517856124895
1403715944.434058,5.217085282933001,2.731264978542288
1403715944.534058,5.256679283334,2.726068962751286
1403715944.634058,5.266364201186001,2.723464488403222
1403715944.734058,5.281831318726,2.727870628688901
1403715944.834058,5.291517015396001,2.78233432804249
1403715944.934058,5.284792900811,2.9129571301470634
1403715945.034058,5.289856848977,3.063156341568312
1403715945.134058,5.275806981922,3.1060911659614243
1403715945.234058,5.264691400753999,3.034970836069083
1403715945.334058,5.26430730189,2.9979914228161557
1403715945.434058,5.281760044053001,2.974164294238408
1403715945.534058,5.277326920410002,2.982208218495369
1403715945.634058,5.2940637084510005,3.0594285876022296
1403715945.734058,5.295719610243,3.138799752825806
1403715945.834058,5.306793120588,3.098194470633856
1403715945.934058,5.319896271225,3.0581929230235265
1403715946.034058,5.327618269446,3.0266036974914017
1403715946.134058,5.334784695043,3.0098558826177237
1403715946.234058,5.336568200084,3.0086522097675195
1403715946.334058,5.341073741561999,3.026262768920946
1403715946.434058,5.337641266361,3.0877460298876045
1403715946.534058,5.325796732525999,3.1363595099170904
1403715946.634058,5.309935818842001,3.128214156964934
1403715946.734058,5.298445014827,3.1232401422350553
1403715946.834058,5.291636766974,3.1288659792922884
1403715946.934058,5.295282498641,3.126679063427525
1403715947.034058,5.299839292864999,3.118776328311042
1403715947.134058,5.317237542724999,3.1338250949318787
1403715947.234058,5.3429016012409996,3.136863796392899
1403715947.334058,5.351932330035001,3.115597727802909
1403715947.434058,5.360469041579001,3.107632970267912
1403715947.534058,5.375639684379,3.079074829196902
1403715947.634058,5.3890799487450005,3.029260574360511
1403715947.734058,5.407948349048999,2.985951216034806
1403715947.834058,5.422387381608,3.004860890994314
1403715947.934058,5.426210249459,3.041388708143436
1403715948.034058,5.424183728588999,3.069640824903632
1403715948.134058,5.420736638440999,3.0882517652660133
1403715948.234058,5.396010055864001,3.0892978978911847
1403715948.334058,5.38657375675,3.088539134538739
1403715948.434058,5.393173094549001,3.0869179688234323
1403715948.534058,5.378903265421,3.1030148731273384
1403715948.634058,5.3593602965519995,3.1210031784842407
1403715948.734058,5.343180092914,3.136536178975196
1403715948.834058,5.3296717471460004,3.1368904863244027
1403715948.934058,5.31844653415,3.140343963725371
1403715949.034058,5.311342137487999,3.1377549846441957
1403715949.134058,5.316210102967999,3.1330795664887603
1403715949.234058,5.325321902133,3.137951769881026
1403715949.334058,5.337864806419999,3.1349731068710076
1403715949.434058,5.351661661094001,3.115976559586225
1403715949.534058,5.368699202365,3.092132462239456
1403715949.634058,5.382955851669999,3.063813610921927
1403715949.734058,5.387176550941,3.0383001954016224
1403715949.834058,5.404803620789,2.988747127262469
1403715949.934058,5.404611821192001,2.918718369755424
1403715950.034058,5.397659012081,2.831574513309303
1403715950.134058,5.3896700917419995,2.773830405803944
1403715950.234058,5.382887480043,2.8030853508034492
1403715950.334058,5.376719370846,2.8935684689109453
1403715950.434058,5.3716546823460005,2.9722499132585756
1403715950.534058,5.372195639109,3.0236027135056354
1403715950.634058,5.3785010962760005,3.0524192308480744
1403715950.734058,5.3931941530100005,3.077549848180818
1403715950.834058,5.417645973221999,3.0993529399916606
1403715950.934058,5.438848622459,3.105638970974386
1403715951.034058,5.465065150737,3.0963496424215005
1403715951.134058,5.497671084244,3.054321909726303
1403715951.234058,5.529811839142,2.979461907165036
1403715951.334058,5.558215271569999,2.923392775494665
1403715951.434058,5.585891813056999,2.8751870325960756
1403715951.534058,5.609723486589,2.8386193214090905
1403715951.634058,5.630175644576999,2.8057212709834367
1403715951.734058,5.772361025745999,2.7569330662808387
1403715951.834058,5.870273854102,2.712084555982899
1403715951.934058,5.903028362011001,2.745730119299328
1403715952.034058,5.911323830290001,2.82223850491201
1403715952.134058,5.9146454951340015,2.9247833242066728
1403715952.234058,5.922593104624999,3.0028990060441676
1403715952.334058,5.932777433083,3.056914545218626
1403715952.434058,5.940095338693999,3.0982870425607945
1403715952.534058,5.957831233574001,3.117423160090079
1403715952.634058,5.9827018580089995,3.136075274133373
1403715952.734058,5.983959141165,3.087557330978661
1403715952.834058,5.997426422017001,3.0477104997757127
1403715952.934058,5.99149853483,3.108570863523893
1403715953.034058,6.024669725173999,3.033495258032911
1403715953.134058,6.043059436121,2.8802274715106897
1403715953.234058,6.074204456037,2.756450455669431
1403715953.334058,6.100909790508001,2.6783318081592737
1403715953.434058,6.11908421961,2.615708305404674
1403715953.534058,6.107119117801999,2.568889062058955
1403715953.634058,6.080985504086001,2.5276120633700865
1403715953.734058,6.049977551774,2.5059883540538164
1403715953.834058,6.041768432345,2.4713872728356847
1403715953.934058,6.035759894361001,2.4279262395151333
1403715954.034058,6.032423205779,2.4018691962047027
1403715954.134058,6.053475052149999,2.4601975996952854
1403715954.234058,6.061369353571999,2.5800323235697076
1403715954.334058,6.070791745898001,2.729733099191498
1403715954.434058,6.090486916901999,2.902445994537356
1403715954.534058,6.149769748514,3.0417436928456927
1403715954.634058,6.172938703424999,3.13620301379742
1403715954.734058,6.17836128147,3.105452627880549
1403715954.834058,6.217842716417,3.140653288591634
1403715954.934058,6.2388403617020005,3.055227075486556
1403715955.034058,6.269997367988,2.936576437319528
1403715955.134058,6.278318005942,2.8356495764716296
1403715955.234058,6.287417719275,2.7507525896203884
1403715955.334058,6.306419878473999,2.672359925826159
1403715955.434058,6.326872593825001,2.6162221108015653
1403715955.534058,6.323795902019,2.5859433687068916
1403715955.634058,6.337303848312999,2.5582356964307214
1403715955.734058,6.358965362690999,2.533339251631037
1403715955.834058,6.421139358378001,2.5857064777082046
1403715955.934058,6.460109992211001,2.6882594551008574
1403715956.034058,6.497909691406001,2.7880618543469593
1403715956.134058,6.545411843672999,2.8507640828492526
1403715956.234058,6.591723957425,2.886609403189102
1403715956.334058,6.641859537133999,2.914226115014834
1403715956.434058,6.673917911162,2.98205204559215
1403715956.534058,6.713523362764998,3.0580233504947336
1403715956.634058,6.649502478374001,3.1016776845810683
1403715956.734058,6.59636603249,3.0817275963298276
1403715956.834058,6.545218492574,3.0257466410864935
1403715956.934058,6.490290407885999,2.944489766672309
1403715957.034058,6.441161952243999,2.8428646249763463
1403715957.134058,6.387785769093,2.7538787516419263
1403715957.234058,6.323099529614001,2.675525863756867
1403715957.334058,6.261461852355,2.6014002805170406
1403715957.434058,6.21091265619,2.53105699166549
1403715957.534058,6.17270877637,2.4764226666119846
1403715957.634058,6.142069597540999,2.4359611900034652
1403715957.734058,6.126501378846001,2.4291642921305288
1403715957.834058,6.195947095301001,2.499642112822462
1403715957.934058,6.239000746994002,2.6248734119888235
1403715958.034058,6.342478255123999,2.756087545172549
1403715958.134058,6.399576172673999,2.8783399093484507
1403715958.234058,6.460825363253,2.9788167241634227
1403715958.334058,6.504332732242999,3.0444769429034815
1403715958.434058,6.512083739716999,3.107204807615903
1403715958.534058,6.540932882205,3.1260456794282567
1403715958.634058,6.57553838139,3.1245866024474958
1403715958.734058,6.5956856630619995,3.129194409507029
1403715958.834058,6.568455631883,3.0735428529199345
1403715958.934058,6.513583571726,3.014662042374758
1403715959.034058,6.450536792958001,2.956517608964583
1403715959.134058,6.389247595558,2.906824409636857
1403715959.234058,6.337242656154,2.868264662986882
1403715959.334058,6.290252708526,2.83442556908812
1403715959.434058,6.255425045144999,2.803083462115515
1403715959.534058,6.211785597761,2.7836957766662067
1403715959.634058,6.198689289320999,2.786283635272921
1403715959.734058,6.25322922002,2.8237878471695392
1403715959.834058,6.314922782705,2.8926458217775965
1403715959.934058,6.394650417025999,2.9659267563350578
1403715960.034058,6.474097171214,3.030645585000584
1403715960.134058,6.534899139365001,3.0768516306336275
1403715960.234058,6.564800088284999,3.1084624126086426
1403715960.334058,6.575084856421001,3.129877036380552
1403715960.434058,6.573986801656001,3.1352073478927363
1403715960.534058,6.5346064030090005,3.140253457019274
1403715960.634058,6.500005893320999,3.0997806960203533
1403715960.734058,6.440223796416,3.048240102028282
1403715960.834058,6.368219155968999,2.9853169820633596
1403715960.934058,6.303673133228999,2.922771765855797
1403715961.034058,6.239388400172001,2.8766408103950636
1403715961.134058,6.196760857898999,2.8379451626885426
1403715961.234058,6.169469283105999,2.810468700854105
1403715961.334058,6.123844646794,2.815076632587323
1403715961.434058,6.141764890296001,2.8556509721104817
1403715961.534058,6.177742797005001,2.9125608517270223
1403715961.634058,6.253715536301,2.972543174097863
1403715961.734058,6.331841782973999,3.02746803900582
1403715961.834058,6.389596481502001,3.0702509654546435
1403715961.934058,6.437943705288999,3.097672077561306
1403715962.034058,6.471199595689001,3.123663049375094
1403715962.134058,6.474381349140001,3.140166853041927
1403715962.234058,6.458656092222,3.141563981365244
1403715962.334058,6.418742669529001,3.1344645264432076
1403715962.434058,6.349490602958,3.1284989655842086
1403715962.534058,6.255014258307,3.128279931478429
1403715962.634058,6.161817932929,3.138089611552842
1403715962.734058,6.06672361631,3.127881802024659
1403715962.834058,5.980196144339001,3.1064354189089602
1403715962.934058,5.909191300442001,3.083004748451133
1403715963.034058,5.8177051014289995,3.0566418454628144
1403715963.134058,5.739822313814002,3.0229803265915347
1403715963.234058,5.690497900836,2.983721283538249
1403715963.334058,5.6704832559869995,2.942660403507236
1403715963.434058,5.702696722193,2.9275257698237707
1403715963.534058,5.646105934283,2.94612154186137
1403715963.634058,5.670391708341,2.980838287988174
1403715963.734058,5.7009030240689995,3.0100563510616563
1403715963.834058,5.725399651641,3.0199904102288593
1403715963.934058,5.8188135814369994,3.005057630092409
1403715964.034058,5.744586236441,2.9924663668487996
1403715964.134058,5.748074691046002,2.9550759784809078
1403715964.234058,5.746586058761001,2.9296530147963886
1403715964.334058,5.729511187938,2.931009725349499
1403715964.434058,5.7217496659250004,2.9381395167829605
1403715964.534058,5.713838018805001,2.9442857083244025
1403715964.634058,5.704332908105,2.9442655257833517
1403715964.734058,5.692738281331,2.9441047835355842
1403715964.834058,5.684198735185,2.946700386389938
1403715964.934058,5.679427214435001,2.961346915640343
1403715965.034058,5.676705143965001,2.983901688643217
1403715965.134058,5.673723027557,3.013573710768226
1403715965.234058,5.676834287294,2.9924841464911576
1403715965.334058,5.67784389779,2.931747480437226
1403715965.434058,5.683979357009,2.8663062293097212
1403715965.534058,5.694771788397001,2.827716678508691
1403715965.634058,5.713224980674,2.824031804518215
1403715965.734058,5.7394444603410015,2.8753244748870883
1403715965.834058,5.766347271019001,2.9497916451348987
1403715965.934058,5.7942622132669985,3.02002439707118
1403715966.034058,5.808395870779,3.0694518155883075
1403715966.134058,5.8061377181000005,3.1211402189275015
1403715966.234058,5.785968086362999,3.137980473059316
1403715966.334058,5.757874736121,3.0886521909351607
1403715966.434058,5.739725960314,3.01826044927692
1403715966.534058,5.704651895989,2.9353143967342157
1403715966.634058,5.6748836812770005,2.8757605748948523
1403715966.734058,5.651402999557,2.8450868401304032
1403715966.834058,5.651257822714,2.830222313980677
1403715966.934058,5.6814909898909995,2.855946783408739
1403715967.034058,5.693730445806001,2.913322520315694
1403715967.134058,5.689172593893999,2.9830788684855296
1403715967.234058,5.681434279414001,3.0524598222352726
1403715967.334058,5.665569271493001,3.1187139297201085
1403715967.434058,5.644268202214,3.136039701395428
1403715967.534058,5.598232893483999,3.1315704236874513
1403715967.634058,5.524099528037999,3.081507341861001
1403715967.734058,5.514398359174002,3.007445211844163
1403715967.834058,5.4800981403449995,2.9153168896540165
1403715967.934058,5.446979764010001,2.8370629347735186
1403715968.034058,5.416288398050001,2.779921187287056
1403715968.134058,5.391758221202,2.743417397147559
1403715968.234058,5.366591745521,2.7422342263515747
1403715968.334058,5.341826513744,2.7927864535384144
1403715968.434058,5.338901170701,2.858955320967258
1403715968.534058,5.357262874997001,2.9231393532394896
1403715968.634058,5.3600574330479995,2.986320677033224
1403715968.734058,5.360300970945,3.041886236244833
1403715968.834058,5.35325336849,3.0836855915573955
1403715968.934058,5.344089519824999,3.0997155186398433
1403715969.034058,5.34189101603,3.060473610235748
1403715969.134058,5.317830837522,2.9614674675504045
1403715969.234058,5.311508341779,2.8438735125259917
1403715969.334058,5.306853900317,2.764500343960555
1403715969.434058,5.315913539234,2.7169602295053026
1403715969.534058,5.326514508326,2.705761132425911
1403715969.634058,5.3406598716080005,2.7425538481612857
1403715969.734058,5.29571823779,2.8004762129089964
1403715969.834058,5.280330189725,2.867285642173216
1403715969.934058,5.246904065590001,2.917479474400228
1403715970.034058,5.198887387457001,2.967627242705833
1403715970.134058,5.146317277037,3.0165058136940472
1403715970.234058,5.084208557675,3.0710962097303702
1403715970.334058,5.013412510949,3.1182654815098836
1403715970.434058,4.939926413477,3.1399777530213924
1403715970.534058,4.8622796800820005,3.1035546514817947
1403715970.634058,4.839817221681,3.0061825128754838
1403715970.734058,4.789285801334,2.8913968838897013
1403715970.834058,4.742853979352,2.765530371293302
1403715970.934058,4.705599383096,2.668611274480993
1403715971.034058,4.683624668901,2.613899759758652
1403715971.134058,4.68197841081,2.602660332676388
1403715971.234058,4.824156650541,2.64055927336538
1403715971.334058,4.861138488734,2.7216200478046795
1403715971.434058,4.880505423482,2.8233462234370736
1403715971.534058,4.9015539110569994,2.927896130475393
1403715971.634058,4.912303197297,3.0120542856351404
1403715971.734058,4.909104698229,3.061261135790191
1403715971.834058,4.890667886860001,3.071958225771111
1403715971.934058,4.854511165549999,3.0503316808502206
1403715972.034058,4.822415227020999,3.027265063070564
1403715972.134058,4.777089217499,3.0360373853294202
1403715972.234058,4.763408569484,3.0809346327327076
1403715972.334058,4.735093257355,3.125827253706912
1403715972.434058,4.717522344993,3.1349253348866184
1403715972.534058,4.714522159630001,3.1008396349288407
1403715972.634058,4.723763096261001,3.0005867706867404
1403715972.734058,4.741135274229,2.8803045668983316
1403715972.834058,4.759352616926001,2.78039507181639
1403715972.934058,4.776527272481,2.7539639302941614
1403715973.034058,4.800733619812999,2.7570256991940463
1403715973.134058,4.841915867969,2.7656565074545565
1403715973.234058,4.890284615923,2.777543404222864
1403715973.334058,4.940910173456,2.767412158340033
1403715973.434058,4.989623632664,2.7429554239218974
1403715973.534058,5.051001704006001,2.7138974172931722
1403715973.634058,5.103675065477001,2.6748245137772515
1403715973.734058,5.156140997666999,2.6297058461037013
1403715973.834058,5.208917994723,2.602580406683959
1403715973.934058,5.270909192318,2.592452994026928
1403715974.034058,5.315699882324001,2.630545837614582
1403715974.134058,5.365860167308001,2.6841807066154773
1403715974.234058,5.415303363645,2.7245963780841915
1403715974.334058,5.4658873990800005,2.744746911479653
1403715974.434058,5.515907558521,2.7467606692220423
1403715974.534058,5.564123149204,2.756134957375875
1403715974.634058,5.611431009002,2.7737550066811822
1403715974.734058,5.651152092829999,2.7868037790375912
1403715974.834058,5.688558956454,2.79160571184656
1403715974.934058,5.726660475926,2.797067541948568
1403715975.034058,5.761799855299999,2.8056644709323586
1403715975.134058,5.8043494802370015,2.8172175567335946
1403715975.234058,5.842342381265999,2.8281724925232297
1403715975.334058,5.878433115465,2.84239796509544
1403715975.434058,5.905112299668,2.864614458360144
1403715975.534058,5.930971352753999,2.885142164148252
1403715975.634058,5.961514806437998,2.873744268383438
1403715975.734058,5.990507530949001,2.8636490697134533
1403715975.834058,6.011711024308999,2.856836353652894
1403715975.934058,6.0382358945490004,2.8509082979422167
1403715976.034058,6.051640619423999,2.8473686978653006
1403715976.134058,6.063872826665002,2.846499405938165
1403715976.234058,6.0734429728290005,2.857527735664441
1403715976.334058,6.086003144956999,2.8665361887035345
1403715976.434058,6.092185737090001,2.883658190024266
1403715976.534058,6.081561417089,2.897360475833391
1403715976.634058,6.068495118147,2.903480494083155
1403715976.734058,6.043324291121001,2.8904586023937644
1403715976.834058,6.012003305952001,2.881510631097068
1403715976.934058,5.978672859245999,2.8786078511631716
1403715977.034058,5.9360966435660005,2.8799958831872954
1403715977.134058,5.8826864936269985,2.8823381435592927
1403715977.234058,5.830126361841,2.8887496918224382
1403715977.334058,5.774988907766001,2.8999015127698313
1403715977.434058,5.7177510383809995,2.9064461410027342
1403715977.534058,5.655794840166,2.9217813755937554
1403715977.634058,5.5954425541049995,2.9368998582965316
1403715977.734058,5.5350334311810006,2.946425419339965
1403715977.834058,5.472199985877,2.9706760670849315
1403715977.934058,5.410146258268999,3.0225539338451344
1403715978.034058,5.348762701529001,3.092674000926372
1403715978.134058,5.288039216571001,3.109537182532575
1403715978.234058,5.233817353498999,3.0295458409311227
1403715978.334058,5.1844012567740005,2.980430327200063
1403715978.434058,5.137323415029,2.9815108452887396
1403715978.534058,5.094069186596,3.026474261557398
1403715978.634058,5.0583447823770005,3.066505751069231
1403715978.734058,5.034270593213001,3.075893147522543
1403715978.834058,5.014581821929999,3.046335871661646
1403715978.934058,5.006741353659001,3.000311022288869
1403715979.034058,5.00277848979,2.9468516916169434
1403715979.134058,5.00680162203,2.928347618762362
1403715979.234058,5.01477293709,2.929509573280766
1403715979.334058,5.029350353342,2.9041426573448854
1403715979.434058,5.0521307550409995,2.8355521644801907
1403715979.534058,5.081560651938999,2.778370534103261
1403715979.634058,5.117773099094,2.7468897976344584
1403715979.734058,5.2241169520340005,2.7289444870241564
1403715979.834058,5.312509769551999,2.728917529356018
1403715979.934058,5.416851049025,2.7415874500067474
1403715980.034058,5.538476328473,2.760953745938038
1403715980.134058,5.669775844313,2.770021356828702
1403715980.234058,5.7757239989519995,2.785645003417148
1403715980.334058,5.933599866513001,2.7959769847863574
1403715980.434058,6.078817989845,2.8166091257975316
1403715980.534058,6.205217090116,2.8541408218669777
1403715980.634058,6.302130284286001,2.880754329383845
1403715980.734058,6.390055142244,2.8961683153913014
1403715980.834058,6.492561757111999,2.9048564038099185
1403715980.934058,6.553901989402999,2.9185178210689666
1403715981.034058,6.623281472741,2.942721896296121
1403715981.134058,6.671088727861001,2.968670882323492
1403715981.234058,6.718100982668999,2.990264041999632
1403715981.334058,6.7396548913570005,3.0135197657356563
1403715981.434058,6.7486945647929995,3.0389645323544143
1403715981.534058,6.742047034466,3.0690177036899455
1403715981.634058,6.7066741958,3.095855152379732
1403715981.734058,6.679231432998,3.1141359463928544
1403715981.834058,6.615279044966001,3.1304802011498616
1403715981.934058,6.553192765488999,3.1282892559142903
1403715982.034058,6.478136293921,3.100792401695558
1403715982.134058,6.408749332114,3.0755667787401024
1403715982.234058,6.32775601647,3.0526946549750438
1403715982.334058,6.231050448225001,3.0304438884153604
1403715982.434058,6.142904657466,3.009353348082023
1403715982.534058,6.066526225555001,2.9913074399376147
1403715982.634058,5.983473281081001,2.975299750350695
1403715982.734058,5.891069842786999,2.9577440555004637
1403715982.834058,5.784526461089,2.9417997067910937
1403715982.934058,5.679864741966,2.930954253199326
1403715983.034058,5.56862323823,2.9210518879568643
1403715983.134058,5.450922152285,2.913268177613675
1403715983.234058,5.341383249489001,2.9078477139490726
1403715983.334058,5.233883294777,2.912113635332026
1403715983.434058,5.134891343334,2.9150145950126887
1403715983.534058,5.042888722148,2.928714584451466
1403715983.634058,4.972974387881,2.945098789080507
1403715983.734058,4.913488442034,2.955890647835806
1403715983.834058,4.861227400686001,2.9628543635428777
1403715983.934058,4.815197651101,2.9699549311194477
1403715984.034058,4.810378285670001,2.967952554039685
1403715984.134058,4.777323100325,2.960208096439153
1403715984.234058,4.808262804501999,2.9457614676047785
1403715984.334058,4.825724070482001,2.9479737805291917
1403715984.434058,4.841130160374001,2.970366536136158
1403715984.534058,4.868381787233,2.9999842493457267
1403715984.634058,4.901566104622,3.0457033587517115
1403715984.734058,4.981236847149,3.0762387782583387
1403715984.834058,5.052526494298,3.06711867335932
1403715984.934058,5.129775875897,3.068992846606522
1403715985.034058,5.218749559345001,3.107633216021963
1403715985.134058,5.280670282373,3.1267990140326436
1403715985.234058,5.391919933349,3.079527996209069
1403715985.334058,5.451528765419,2.996984359486302
1403715985.434058,5.447195998046,2.9803194658397745
1403715985.534058,5.487200208174,3.0209345118027082
1403715985.634058,5.5549401467849995,3.060121985210097
1403715985.734058,5.622456795309,3.0972087537922657
1403715985.834058,5.696194040120001,3.11425631172094
1403715985.934058,5.749329828000999,3.0584963892648367
1403715986.034058,5.803885648514001,3.023829156378786
1403715986.134058,5.851824114401,2.996163327509012
1403715986.234058,5.885710784345,2.9806037272016046
1403715986.334058,5.922277046715,3.0185370785629093
1403715986.434058,5.961022956157,3.0715634359167896
1403715986.534058,6.000583099063999,3.1080157901041265
1403715986.634058,6.037624720850001,3.1329009443917744
1403715986.734058,6.062103531470001,3.1400273606944498
1403715986.834058,6.084580994709,3.1327260513598993
1403715986.934058,6.095287750754,3.136322134011447
1403715987.034058,6.096921521061999,3.111065869189191
1403715987.134058,6.085471520866,3.043445188819635
1403715987.234058,6.07525531721,2.975772387674763
1403715987.334058,6.070827083848,2.9427019948068396
1403715987.434058,6.068054312667,2.9862094495982276
1403715987.534058,6.069394429480999,3.04003127442008
1403715987.634058,6.066273202029,3.0696760687753395
1403715987.734058,6.071202396966,3.09102626994809
1403715987.834058,6.077675955899001,3.1088238797872707
1403715987.934058,6.080765006225,3.1168679851343377
1403715988.034058,6.0750483116780005,3.1250784103898943
1403715988.134058,6.069109221334,3.127828227381365
1403715988.234058,6.059519145589,3.1377313617640294
1403715988.334058,6.050751717689,3.1340836155325045
1403715988.434058,6.042956740106002,3.133035788735749
1403715988.534058,6.046426217780999,3.0904772370759357
1403715988.634058,6.036242851057999,3.0441968792572096
1403715988.734058,6.036238139393998,2.9999781215876564
1403715988.834058,6.033932552491,3.0024060950787756
1403715988.934058,6.037366450994999,3.0350651109089606
1403715989.034058,6.030311665101,3.065686356344883
1403715989.134058,6.019851359653,3.0813449385971445
1403715989.234058,6.015184891664999,3.087971462458888
1403715989.334058,6.002112615286,3.0893581699012915
1403715989.434058,5.989055451861999,3.093051830516695
1403715989.534058,5.992857953266999,3.089676272806587
1403715989.634058,5.972150816899999,3.0978410757104218
1403715989.734058,5.957357111474999,3.1070201861919227
1403715989.834058,5.945728286275999,3.119870550411983
1403715989.934058,5.935910575059,3.140589731579847
1403715990.034058,5.931173899994,3.132186856078662
1403715990.134058,5.924587220333,3.1284028095907455
1403715990.234058,5.924661144834001,3.1227542290557686
1403715990.334058,5.921958551893,3.1160197068567195
1403715990.434058,5.93756411229,3.1087665052773343
1403715990.534058,5.904454241248999,3.1022435007297897
1403715990.634058,5.904647249009999,3.0980056728638603
1403715990.734058,5.921037141256999,3.096133958111634
1403715990.834058,5.915956500099,3.0943655439821995
1403715990.934058,5.920389987359999,3.089964892664507
1403715991.034058,5.926732109322,3.0833111707807714
1403715991.134058,5.931472143513998,3.111798800919665
1403715991.234058,5.9365724596490015,3.0655627086459285
1403715991.334058,5.931429796141999,3.074531784925902
1403715991.434058,5.922757125970999,3.1072765439551664
1403715991.534058,5.922319828193,3.1135289175021863
1403715991.634058,5.924743091299999,3.1163919447492674
1403715991.734058,5.924710011149,3.1186160856777714
1403715991.834058,5.924505283708999,3.1191812786048017
1403715991.934058,5.924090289544001,3.118157488613956
1403715992.034058,5.924061091757001,3.118131550755774
1403715992.134058,5.924640326616,3.117612329572027
1403715992.234058,5.925063089369997,3.117370096524626
1403715992.334058,5.925568403928002,3.117899349888774
1403715992.434058,5.925560193125999,3.118244607759698
1403715992.534058,5.925282744568001,3.1185657815149574
1403715992.634058,5.9243011118130005,3.1181578683422417
1403715992.734058,5.923941845146,3.118849242796667
1403715992.834058,5.923667329330001,3.1189115356763777
1403715992.934058,5.9241981861560005,3.119140038124154
1403715993.034058,5.924933823538998,3.119195748359878
